<?xml version="1.0" encoding="UTF-8" ?>
<!DOCTYPE configuration
  PUBLIC "-//mybatis.org//DTD Config 3.0//EN"
  "http://mybatis.org/dtd/mybatis-3-config.dtd">
  
<configuration>
	<properties resource="database.properties"/>
	
	<!-- Aliases 위치는 항상 properties 밑에
		resultType 또는 parameterType에 경로명을 다 적는 대신 지정한 alias 이름으로 대체해서 사용할 목적
	 -->
	<typeAliases>
		<typeAlias type="com.samsung.biz.board.vo.BoardVO" alias="boardVO"/>
		<typeAlias type="com.samsung.biz.board.vo.Count_checkVO" alias="ccVO"/>
		<typeAlias type="com.samsung.biz.user.vo.UserVO" alias="userVO"/>
	</typeAliases>

	<mappers>
		<mapper resource="mappings/boardMapper.xml"/>
		<mapper resource="mappings/userMapper.xml"/>
	</mappers>
	
</configuration>