<?xml version="1.0" encoding="UTF-8" ?>
<!DOCTYPE mapper
  PUBLIC "-//mybatis.org//DTD Mapper 3.0//EN"
  "http://mybatis.org/dtd/mybatis-3-mapper.dtd">
  
<mapper namespace="com.samsung.biz.board">
	<select id="list" resultType="boardVO" parameterType="map">
		select b.*
		from(select rownum ro, a.*
			from (select *
					from board
					ORDER BY BOARD_PARENTSEQ DESC, BOARD_STEP ASC
					) a
			) b
		where ro &gt; #{start} and ro &lt; #{end}
	</select>
	
	<select id="listCount" resultType="int">
		select count(*) from board
	</select>
	
	<select id="getPagingNum" resultType="int">
		SELECT COUNT(BOARD_SEQ) boards FROM BOARD
	</select>
	
	<select id="getBoardView" resultType="boardVO" parameterType="boardVO">
		SELECT * FROM BOARD WHERE BOARD_SEQ = #{board_seq}
	</select>
	
	<insert id="insertNewBoard" parameterType="boardVO">
		INSERT INTO BOARD 
		VALUES(BOARD_SEQ.NEXTVAL, #{user_id}, #{board_title}, #{board_content}, 0, SYSDATE, BOARD_SEQ.CURRVAL, 0, 0)
	</insert>
	
	<insert id="insertReplyBoard" parameterType="boardVO">
		INSERT INTO BOARD 
		VALUES(BOARD_SEQ.NEXTVAL, #{user_id}, #{board_title}, #{board_content}, 0, SYSDATE, #{board_parentSeq}, #{board_step}, #{board_lvl})
	</insert>
	
	<select id="getMaxSeqBoard" resultType="boardVO" parameterType="boardVO">
		SELECT * FROM BOARD WHERE BOARD_SEQ = (SELECT MAX(BOARD_SEQ) FROM BOARD)
	</select>
	
	<select id="selectMaxStep" resultType="int" parameterType="int">
		SELECT BOARD_Step FROM BOARD WHERE BOARD_SEQ = #{value}
	</select>
	
	<update id="updateStep" parameterType="map">
		UPDATE BOARD SET BOARD_Step=BOARD_STEP+1 WHERE BOARD_PARENTSEQ = #{board_parentSeq} AND BOARD_STEP > #{board_step}
	</update>
	
	<select id="selectLvl" parameterType="int" resultType="int">
		SELECT BOARD_LVL FROM BOARD WHERE BOARD_SEQ = #{board_seq}
	</select>
	
	<select id="selectBoardSeq" parameterType="int" resultType="int">
		SELECT BOARD_PARENTSEQ FROM BOARD WHERE BOARD_SEQ=#{board_parentSeq}
	</select>
	
	<update id="updateBoard" parameterType="boardVO">
		UPDATE BOARD SET BOARD_TITLE = #{board_title}, BOARD_CONTENT = #{board_content} WHERE BOARD_SEQ = #{board_seq}
	</update>
	
	<select id="deleteCheckBoard" parameterType="boardVO" resultType="int">
		SELECT COUNT(BOARD_SEQ) FROM BOARD WHERE BOARD_PARENTSEQ = #{board_seq} 
	</select>
	
	<update id="deleteBoard" parameterType="boardVO">
		UPDATE BOARD SET BOARD_TITLE='D' WHERE BOARD_SEQ=#{board_seq} 
	</update>
	
	<select id="selectCountCheckToday" resultType="ccVO" parameterType="boardVO">
		SELECT * FROM COUNT_CHECK WHERE BOARD_SEQ = #{board_seq} AND USER_ID = #{user_id}
	</select>
	
	<insert id="insertCountCheckToday" parameterType="boardVO">
		INSERT INTO COUNT_CHECK VALUES(#{board_seq}, #{user_id}, SYSDATE)
	</insert>
	
	<update id="updateCount_CheckDate" parameterType="boardVO">
		UPDATE COUNT_CHECK SET CHECKDATE = #{board_regdate} where board_seq=#{board_seq} and user_id=#{user_id}
	</update>
	
	<update id="updateBoardCnt">
		UPDATE BOARD SET BOARD_CNT = BOARD_CNT +1 WHERE BOARD_SEQ = #{board_seq}
	</update>
	
	<select id="searchByTitle" resultType="boardVO" parameterType="map">
		select b.*
		from(select rownum ro, a.*
			from (select *
					from board
					where board_title like '%'||#{search}||'%' 
					ORDER BY BOARD_PARENTSEQ DESC, BOARD_STEP ASC
					) a
			) b
		where ro &gt; #{start} and ro &lt; #{end}
	</select>
	
	<select id="searchByContent" resultType="boardVO" parameterType="map">
		select b.*
		from(select rownum ro, a.*
			from (select *
					from board
					where board_content like '%'||#{search}||'%' 
					ORDER BY BOARD_PARENTSEQ DESC, BOARD_STEP ASC
					) a
			) b
		where ro &gt; #{start} and ro &lt; #{end}
	</select>
</mapper>